facility_id,name,program_name,address,city,zip,permit_type,is_kbbq,osm_match
FA0002200,KOREAN GARDENS RESTAURANT,KOREAN GARDENS RESTAURANT,950 S VERMONT AVE,LOS ANGELES,90006,RESTAURANT (61-150) SEATS HIGH RISK,False,
FA0006953,CAFE SEOUL NANDARANG,CAFE SEOUL NANDARANG,3815 W 6TH ST,LOS ANGELES,90020,RESTAURANT (61-150) SEATS HIGH RISK,False,Nandarang
FA0007743,B C D TOFU HOUSE,B C D TOFU HOUSE,869 S WESTERN AVE STE #2,LOS ANGELES,90005,RESTAURANT (61-150) SEATS HIGH RISK,False,
FA0008614,BCD TOFU HOUSE,BCD TOFU HOUSE,1731 S FULLERTON RD,ROWLAND HEIGHTS,91748,RESTAURANT (61-150) SEATS HIGH RISK,False,
FA0008615,BCD TOFU HOUSE,BCD TOFU HOUSE,1607 W SEPULVEDA BLVD,TORRANCE,90501,RESTAURANT (61-150) SEATS HIGH RISK,False,
FA0009006,CHOSUN GALBEE RESTAURANT,CHOSUN GALBEE RESTAURANT,3330 W OLYMPIC BLVD,LOS ANGELES,90019,RESTAURANT (151 + ) SEATS HIGH RISK,True,Chosun Galbee
FA0011164,BUDNAMU KOREAN BBQ HOUSE,BUDNAMU KOREAN BBQ HOUSE,809 S ARDMORE AVE,LOS ANGELES,90005,RESTAURANT (151 + ) SEATS HIGH RISK,True,
FA0015330,CHUNJU HAN-IL KWAN,CHUNJU HAN-IL KWAN,3450 W 6TH ST STE #106,LOS ANGELES,90020,RESTAURANT (31-60) SEATS HIGH RISK,False,Chunju Han Il Kwan
FA0018742,JEJU ISLAND,JEJU ISLAND,4100 W PICO BLVD STE #10B,LOS ANGELES,90019,RESTAURANT (31-60) SEATS HIGH RISK,False,Jeju
FA0021158,LA SOO WON GALBI,LA SOO WON GALBI,856 S VERMONT AVE STE C,LOS ANGELES,90005,RESTAURANT (61-150) SEATS HIGH RISK,True,Soowon Galbi
FA0023541,MANNA KOREAN BBQ,MANNA KOREAN BBQ,333 S ALAMEDA ST STE 305,LOS ANGELES,90013,RESTAURANT (151 + ) SEATS HIGH RISK,True,Manna Korean BBQ
FA0024869,GENWA,GENWA,5115 WILSHIRE BLVD STE A,LOS ANGELES,90036,RESTAURANT (61-150) SEATS HIGH RISK,True,Genwa Korean BBQ
FA0025152,GOGI HOUSE,GOGI HOUSE,26524 BOUQUET CANYON RD,SANTA CLARITA,91350,RESTAURANT (61-150) SEATS HIGH RISK,True,Gogi House
FA0025197,GEN KOREAN BBQ,GEN KOREAN BBQ,68 W MAIN ST,ALHAMBRA,91801,RESTAURANT (151 + ) SEATS HIGH RISK,True,Gen Korean BBQ
FA0028513,PINE TREE KOREAN BBQ,PINE TREE KOREAN BBQ,8322 RESEDA BLVD,NORTHRIDGE,91324,RESTAURANT (61-150) SEATS HIGH RISK,True,
FA0032261,JUG JUG,JUG JUG,11908 BALBOA BLVD,GRANADA HILLS,91344,RESTAURANT (61-150) SEATS HIGH RISK,False,Jug Jug Sports Bar & Grill
FA0032439,SEOUL SOON DAE HOUSE #2,SEOUL SOON DAE HOUSE #2,928 S WESTERN AVE STE 133,LOS ANGELES,90006,RESTAURANT (0-30) SEATS HIGH RISK,False,
FA0032544,KOBAWOO HOUSE,KOBAWOO HOUSE,698 S VERMONT AVE STE 109,LOS ANGELES,90005,RESTAURANT (31-60) SEATS HIGH RISK,False,
FA0033601,KOREAN BBQ RESTAURANT AND MARKET,KOREAN BBQ RESTAURANT AND MARKET,44525 10TH ST W,LANCASTER,93534,RESTAURANT (0-30) SEATS HIGH RISK,True,
FA0035532,SURAWON KOREAN BBQ VILLAGE,SURAWON KOREAN BBQ VILLAGE,16448 NORWALK BLVD,CERRITOS,90703,RESTAURANT (61-150) SEATS HIGH RISK,True,
FA0041135,NAK WON RICE BAKERY INC,NAK WON RICE BAKERY INC,205 N WESTERN AVE,LOS ANGELES,90004,RESTAURANT (0-30) SEATS MODERATE RISK,False,
FA0041599,HAE JANG CHON KOREAN BBQ RESTAURANT,HAE JANG CHON KOREAN BBQ RESTAURANT,3821 W 6TH ST,LOS ANGELES,90020,RESTAURANT (61-150) SEATS HIGH RISK,True,
FA0042066,MYUNG DONG TOFU RESTAURANT,MYUNG DONG TOFU RESTAURANT,20627 GOLDEN SPRINGS DR STE 1-M,DIAMOND BAR,91765,RESTAURANT (31-60) SEATS HIGH RISK,False,
FA0047338,SEOUL HOUSE OF TOFU,SEOUL HOUSE OF TOFU,2101 SAWTELLE BLVD,LOS ANGELES,90025,RESTAURANT (31-60) SEATS HIGH RISK,False,Seoul House of Tofu
FA0047416,SEOUL TOFU HOUSE,SEOUL TOFU HOUSE,2139 FOOTHILL BLVD,LA CANADA FLINTRIDGE,91011,RESTAURANT (31-60) SEATS HIGH RISK,False,
FA0048116,SEOUL TOFU HOUSE,SEOUL TOFU HOUSE,10201 RESEDA BLVD UNIT #104,NORTHRIDGE,91324,RESTAURANT (0-30) SEATS HIGH RISK,False,
FA0048218,SOO RA SANG KOREAN BBQ,SOO RA SANG KOREAN BBQ,15819 GALE AVE,HACIENDA HEIGHTS,91745,RESTAURANT (61-150) SEATS HIGH RISK,True,
FA0056292,BCD TOFU HOUSE,BCD TOFU HOUSE,3575 WILSHIRE BLVD,LOS ANGELES,90010,RESTAURANT (61-150) SEATS HIGH RISK,False,BCD Tofu House
FA0057852,AWOOLIM KIMBAP FACTORY,AWOOLIM KIMBAP FACTORY,2825 S DIAMOND BAR BLVD,DIAMOND BAR,91765,RESTAURANT (0-30) SEATS HIGH RISK,False,
FA0059648,CHIL PO KOREAN RESTAURANT,CHIL PO KOREAN RESTAURANT,17303 S PIONEER BLVD,ARTESIA,90701,RESTAURANT (61-150) SEATS HIGH RISK,False,Chil-Po K-Food
FA0059761,CHODANG TOFU & BBQ,CHODANG TOFU & BBQ,2043 VERDUGO BLVD,MONTROSE,91020,RESTAURANT (31-60) SEATS HIGH RISK,True,Chi Dang Tofu & BBQ
FA0060582,DAE BAK KOREAN RESTAURANT,DAE BAK KOREAN RESTAURANT,11810 CENTRALIA ST,LAKEWOOD,90715,RESTAURANT (31-60) SEATS HIGH RISK,False,
FA0060619,DAN SUNG SA,DAN SUNG SA,3317 W 6TH ST,LOS ANGELES,90020,RESTAURANT (31-60) SEATS HIGH RISK,False,Dan Sung Sa
FA0060966,DOME POCHANA,DOME POCHANA,13191 GLADSTONE AVE,SYLMAR,91342,RESTAURANT (0-30) SEATS HIGH RISK,False,Dome Pochana
FA0061446,SURAWON KOREAN RESTAURANT,SURAWON KOREAN RESTAURANT,2833 W OLYMPIC BLVD,LOS ANGELES,90006,RESTAURANT (31-60) SEATS HIGH RISK,False,Surawon
FA0062521,GAM JA GOL,GAM JA GOL,3003 W OLYMPIC BLVD STE #107,LOS ANGELES,90005,RESTAURANT (31-60) SEATS HIGH RISK,False,Gam Ja Gol
FA0062774,GO POCHA,GO POCHA,401 S VERMONT AVE # 7-8,LOS ANGELES,90020,RESTAURANT (61-150) SEATS HIGH RISK,False,Go! Pocha
FA0063073,GUSHI,GUSHI,978 GAYLEY AVE,LOS ANGELES,90024,RESTAURANT (0-30) SEATS HIGH RISK,False,Gushi
FA0064649,KANG NAM RESTAURANT,KANG NAM RESTAURANT,4103 W OLYMPIC BLVD,LOS ANGELES,90019,RESTAURANT (151 + ) SEATS HIGH RISK,True,Kang Nam Restaurant
FA0067969,OO KOOK KOREAN BBQ STORAGE,OO KOOK KOREAN BBQ,3385 W 8TH ST,LOS ANGELES,90005,RESTAURANT (151 + ) SEATS HIGH RISK,True,Oo-Kook Korean BBQ
FA0070415,SHIK DO RAK NORTHRIDGE,SHIK DO RAK NORTHRIDGE,18434 DEVONSHIRE ST,NORTHRIDGE,91324,RESTAURANT (61-150) SEATS HIGH RISK,False,Shik Do Rak
FA0074338,YOUNG DONG TOFU,YOUNG DONG TOFU,1311 S BALDWIN AVE # B,ARCADIA,91007,RESTAURANT (61-150) SEATS HIGH RISK,False,
FA0137538,AHGASSI GOPCHANG,AHGASSI GOPCHANG,3744 W 6TH ST,LOS ANGELES,90005,RESTAURANT (61-150) SEATS HIGH RISK,True,Ahgassi Gopchang
FA0138582,DONG NAE GIL KOREAN RESTAURANT,DONG NAE GIL KOREAN REST,15116 S WESTERN AVE,GARDENA,90249,RESTAURANT (61-150) SEATS HIGH RISK,False,
FA0138778,GEN KOREAN BBQ HOUSE,GEN KOREAN BBQ HOUSE,11472 SOUTH ST,CERRITOS,90703,RESTAURANT (61-150) SEATS HIGH RISK,True,
FA0138835,SEOUL SOONDAE,SEOUL SOONDAE,11750 1/2 ARTESIA BLVD,ARTESIA,90701,RESTAURANT (31-60) SEATS HIGH RISK,False,
FA0143699,FLYING CHICKEN PA-DAK,FLYING CHICKEN PA-DAK,12238 E ARTESIA BLVD,ARTESIA,90701,RESTAURANT (31-60) SEATS HIGH RISK,False,Goobne Chicken
FA0162834,GEN KOREAN BBQ,GEN KOREAN BBQ,24301 CRENSHAW BLVD,TORRANCE,90505,RESTAURANT (61-150) SEATS HIGH RISK,True,Gen Korean BBQ
FA0163047,ESCALA,CANDELARIA,3451 W 6TH ST,LOS ANGELES,90020,RESTAURANT (61-150) SEATS HIGH RISK,False,Escala
FA0163048,YANGJI GAMJATANG,YANGJI GAMJATANG,3470 W 6TH ST STE 6,LOS ANGELES,90020,RESTAURANT (31-60) SEATS HIGH RISK,False,Yangji Gamjatang
FA0163121,BULGOGI HUT,BULGOGI HUT,3600 WILSHIRE BLVD # 100C,LOS ANGELES,90010,RESTAURANT (61-150) SEATS HIGH RISK,True,Bulgogi Hut
FA0165201,JJUKKU JJUKKU & BBQ,JJUKKU JJUKKU & BBQ,3377 WILSHIRE BLVD # 105,LOS ANGELES,90010,RESTAURANT (61-150) SEATS HIGH RISK,True,Jjukku Jjukku Korean BBQ
FA0165343,BBQ STOP,BBQ STOP,20627 GOLDEN SPRINGS DR STE 3A,DIAMOND BAR,91789,RESTAURANT (61-150) SEATS HIGH RISK,True,BBQ Stop AYCE
FA0166809,"CHARCOAL KOREAN BBQ, INC",CHARCOAL KOREAN BBQ,19158 SOLEDAD CANYON RD,SANTA CLARITA,91351,RESTAURANT (61-150) SEATS HIGH RISK,True,
FA0172046,GALBI BROTHERS INC / BROTHERS BBQ,GALBI BROTHERS INC,3680 W 6TH ST,LOS ANGELES,90020,RESTAURANT (151 + ) SEATS HIGH RISK,True,
FA0174240,KIMCHI PLUS,KIMCHI PLUS,1144 S WESTERN AVE #102,LOS ANGELES,90006,RESTAURANT (0-30) SEATS HIGH RISK,False,
FA0176654,PALSAIK KOREAN BBQ,PALSAIK KOREAN BBQ,22757 HAWTHORNE BLVD,TORRANCE,90505,RESTAURANT (0-30) SEATS HIGH RISK,True,
FA0176670,GEN KOREAN BBQ HOUSE WEST COVINA,GEN KOREAN BBQ HOUSE WEST COVINA,300 S CALIFORNIA AVE,WEST COVINA,91790,RESTAURANT (61-150) SEATS HIGH RISK,True,
FA0176880,GANGNAM KOREAN BBQ,GANGNAM KOREAN BBQ,21004 PIONEER BLVD,LAKEWOOD,90715,RESTAURANT (61-150) SEATS HIGH RISK,True,
FA0177041,AYCE GOGI,AYCE GOGI,7128 VAN NUYS BLVD,VAN NUYS,91405,RESTAURANT (61-150) SEATS HIGH RISK,True,
FA0177839,JANGCHUNG PYUNGANDO JOKBAL,JANGCHUNG PYUNGANDO JOKBAL,2716 W OLYMPIC BLVD # 104,LOS ANGELES,90006,RESTAURANT (61-150) SEATS HIGH RISK,False,
FA0179020,YU CHUN,YU CHUN,3185 W OLYMPIC BLVD,LOS ANGELES,90006,RESTAURANT (61-150) SEATS HIGH RISK,False,Yu Chun
FA0180758,KANG HO DONG BAEKJEONG,KANG HO DONG BAEKJEONG,18900 E GALE AVE # A,ROWLAND HEIGHTS,91748,RESTAURANT (61-150) SEATS HIGH RISK,True,
FA0202797,GEN KOREAN BBQ HOUSE,GEN KOREAN BBQ HOUSE,10151 RESEDA BLVD,NORTHRIDGE,91324,RESTAURANT (151 + ) SEATS HIGH RISK,True,Gen Korean BBQ
FA0222748,MAPO GALBI,MAPO GALBI,1008 S ST ANDREWS PL,LOS ANGELES,90019,RESTAURANT (31-60) SEATS HIGH RISK,True,
FA0224078,BBQ CHICKEN LA,BBQ CHICKEN LA,3450 W 6TH ST # 102,LOS ANGELES,90020,RESTAURANT (31-60) SEATS HIGH RISK,False,
FA0226236,KANG HODONG BAEKJEONG,KANG HODONG BAEKJEONG,1725 W CARSON ST STE A,TORRANCE,90501,RESTAURANT (61-150) SEATS HIGH RISK,True,Baekjeong Korean Barbecue
FA0230657,SUN NONG DAN,SUN NONG DAN,927 E LAS TUNAS DR STE J & K,SAN GABRIEL,91776,RESTAURANT (151 + ) SEATS HIGH RISK,False,Sun Nong Dan
FA0240573,KANG HO DONG BAEKJEONG,KANG HO DONG BAEKJEONG,5700 ROSEMEAD BLVD # 100,TEMPLE CITY,91780,RESTAURANT (61-150) SEATS HIGH RISK,True,Kang Ho Dong Baekjeong
FA0240790,OO KOOK BBQ,OO KOOK BBQ,5405 ROSEMEAD BLVD,SAN GABRIEL,91776,RESTAURANT (151 + ) SEATS HIGH RISK,True,Oo-Kook Korean BBQ
FA0241079,KOREAN BBQ HOUSE,KOREAN BBQ HOUSE,123 S ONIZUKA ST # 302,LOS ANGELES,90012,RESTAURANT (0-30) SEATS HIGH RISK,True,
FA0241477,GAJU GIMBAP,GAJU GIMBAP,833 S WESTERN AVE UNIT 39,LOS ANGELES,90005,RESTAURANT (31-60) SEATS HIGH RISK,False,
FA0242051,SEOUL GARDEN RESTAURANT,SEOUL GARDEN RESTAURANT,1833 W OLYMPIC BLVD,LOS ANGELES,90061,RESTAURANT (61-150) SEATS HIGH RISK,False,
FA0242422,HOUSE OF GALBI,HOUSE OF GALBI,15927 VENTURA BLVD,ENCINO,91436,RESTAURANT (151 + ) SEATS HIGH RISK,True,
FA0242882,TOFU-YA,TOFU-YA,2021 SAWTELLE BLVD,LOS ANGELES,90025,RESTAURANT (31-60) SEATS HIGH RISK,False,Seoul House of Tofu
FA0244698,BCD TOFU HOUSE,BCD TOFU HOUSE,11710 SOUTH ST # 101,ARTESIA,90701,RESTAURANT (31-60) SEATS HIGH RISK,False,BCD Tofu House
FA0245144,GEN KOREAN BBQ HOUSE,GEN KOREAN BBQ HOUSE,126 N ARTSAKH AVE,GLENDALE,91206,RESTAURANT (61-150) SEATS HIGH RISK,True,Gen Korean BBQ
FA0245226,JANG AN RESTAURANT,JANG AN RESTAURANT,2773 W OLYMPIC BLVD,LOS ANGELES,90006,RESTAURANT (0-30) SEATS HIGH RISK,False,Jang An Restaurant
FA0245377,MEAT LOVE BBQ,MEAT LOVE BBQ,1145 S WESTERN AVE,LOS ANGELES,90006,RESTAURANT (61-150) SEATS HIGH RISK,True,Meat Love Korean BBQ
FA0250660,GOGOBOP,GOGOBOP,3456 WILSHIRE BLVD,LOS ANGELES,90010,RESTAURANT (0-30) SEATS HIGH RISK,False,Gogobop Korean Rice Bar
FA0251003,SUN NONG DAN,SUN NONG DAN,18902 E GALE AVE # A,ROWLAND HEIGHTS,91748,RESTAURANT (61-150) SEATS HIGH RISK,False,Sun Nong Dan
FA0251371,BBQ + RICE,BBQ + RICE,7363 W SUNSET BLVD,LOS ANGELES,90046,RESTAURANT (0-30) SEATS HIGH RISK,False,BBQ+RICE Korean Rice Bowl WeHo
FA0256376,HAK SAN,HAK SAN,2216 SEPULVEDA BLVD,TORRANCE,90501,RESTAURANT (61-150) SEATS HIGH RISK,False,Hak San
FA0256381,BONCHON,BONCHON,710 W LAS TUNAS DR # 2,SAN GABRIEL,91776,RESTAURANT (31-60) SEATS HIGH RISK,False,Bonchon Chicken
FA0256903,WI KOREAN BBQ,WI KOREAN BBQ,1101 S VERMONT AVE UNIT 103,LOS ANGELES,90006,RESTAURANT (61-150) SEATS HIGH RISK,True,
FA0257951,MYUNG DONG NOODLE HOUSE,MYUNG DONG NOODLE HOUSE,698 IROLO ST STE 105,LOS ANGELES,90005,RESTAURANT (31-60) SEATS HIGH RISK,False,
FA0258130,KOBUNGA KOREAN GRILL,KOBUNGA KOREAN GRILL,929 W JEFFERSON BLVD,LOS ANGELES,90089,RESTAURANT (0-30) SEATS HIGH RISK,False,
FA0259746,TGI KOREAN BBQ,TGI KOREAN BBQ,2585 W OLYMPIC BLVD,LOS ANGELES,90006,RESTAURANT (151 + ) SEATS HIGH RISK,True,TGI Korean BBQ
FA0261093,YUK DAE JANG,YUK DAE JANG,15420 S WESTERN AVE STE B,GARDENA,90249,RESTAURANT (0-30) SEATS HIGH RISK,False,Yuk Dae Jang
FA0267801,SOMUNNAN KOREAN RESTAURANT,SOMUNNAN KOREAN RESTAURANT,13303 ARTESIA BLVD,CERRITOS,90703,RESTAURANT (31-60) SEATS HIGH RISK,False,
FA0270007,KYOCHON CHICKEN,KYOCHON CHICKEN,3831 W 6TH ST,LOS ANGELES,90020,RESTAURANT (31-60) SEATS HIGH RISK,False,Kyochon Chicken
FA0270345,BBQ CHICKEN DTLA,BBQ CHICKEN DTLA,442 E 2ND ST,LOS ANGELES,90012,RESTAURANT (0-30) SEATS HIGH RISK,False,bb.q Chicken
FA0272792,BARO GIMBAP,BARO GIMBAP,3250 W OLYMPIC BLVD STE 106,LOS ANGELES,90006,RESTAURANT (0-30) SEATS HIGH RISK,False,
FA0273707,SHIN SA YOUNG DONG RESTAURANT,SHIN SA YOUNG DONG RESTAURANT,3828 W WILSHIRE BLVD,LOS ANGELES,90010,RESTAURANT (31-60) SEATS HIGH RISK,False,
FA0273758,SOBAN KOREAN RESTAURANT,SOBAN KOREAN RESTAURANT,4001 W OLYMPIC BLVD,LOS ANGELES,90019,RESTAURANT (31-60) SEATS HIGH RISK,False,Soban
FA0275011,YUK DAE JANG SG,YUK DAE JANG SG,704 W LAS TUNAS DR # E1,SAN GABRIEL,91776,RESTAURANT (31-60) SEATS HIGH RISK,False,Yuk Dae Jang
FA0275133,ROAD TO SEOUL,ROAD TO SEOUL,1230 S WESTERN AVE,LOS ANGELES,90006,RESTAURANT (151 + ) SEATS HIGH RISK,True,Road to Seoul
FA0276003,POCHA INC,POCHA INC,621 S WESTERN AVE STE 100-A,LOS ANGELES,90005,RESTAURANT (0-30) SEATS HIGH RISK,False,
FA0278660,SOL HOUSE OF BEEF BONE SOUP,SOL HOUSE OF BEEF BONE SOUP,4451 BEVERLY BLVD,LOS ANGELES,90004,RESTAURANT (31-60) SEATS HIGH RISK,False,Sulga House of Beef Bone Soup
FA0279069,GENWA KOREAN BBQ,GENWA KOREAN BBQ,450 W OLYMPIC BLVD # B&C,LOS ANGELES,90015,RESTAURANT (61-150) SEATS HIGH RISK,True,
FA0279789,CHUNG DAM TOFU,CHUNG DAM TOFU,18921 NORWALK BLVD,ARTESIA,90701,RESTAURANT (61-150) SEATS HIGH RISK,False,Chung Dam
FA0279832,HANSHIN POCHA,HANSHIN POCHA,3500 W 6TH ST UNIT 311,LOS ANGELES,90020,RESTAURANT (61-150) SEATS HIGH RISK,False,
FA0279944,RED PALACE #2,RED PALACE #2,18868 NORWALK BLVD,ARTESIA,90701,RESTAURANT (61-150) SEATS HIGH RISK,True,Red Palace
FA0280057,7TH KOREAN BBQ,7TH KOREAN BBQ,698 S VERMONT AVE STE 111,LOS ANGELES,90005,RESTAURANT (31-60) SEATS HIGH RISK,True,
FA0280060,AYCE GOGI KOREAN BBQ,AYCE GOGI KOREAN BBQ,6705 FALLBROOK AVE,WEST HILLS,91307,RESTAURANT (151 + ) SEATS HIGH RISK,True,Ayce Gogi Korean BBQ & Pinball
FA0280165,MDK NOODLES,MDK NOODLES,3630 WILSHIRE BLVD,LOS ANGELES,90010,RESTAURANT (61-150) SEATS HIGH RISK,False,mdk noodles
FA0280466,MOM AND BOP,MOM AND BOP,1707 PICO BLVD,SANTA MONICA,90405,RESTAURANT (31-60) SEATS HIGH RISK,False,Mom and Bop
FA0282175,MARU BOWL-RITTO,MARU BOWL-RITTO,7574 WINNETKA AVE,WINNETKA,91306,RESTAURANT (0-30) SEATS HIGH RISK,False,Maru Bowl - Ritto
FA0283372,YUPDDUK,YUPDDUK,1131 1/2 BREA CANYON RD,DIAMOND BAR,91789,RESTAURANT (31-60) SEATS HIGH RISK,False,
FA0283898,ONDAL RESTAURANT,ONDAL RESTAURANT,3160 W 8TH ST,LOS ANGELES,90005,RESTAURANT (31-60) SEATS HIGH RISK,False,Ondal seafood
FA0284548,DAEDO KOREAN BBQ,DAEDO KOREAN BBQ,4001 W 6TH ST,LOS ANGELES,90020,RESTAURANT (61-150) SEATS HIGH RISK,True,Daedo Skidang
FA0285366,SEOUL BBQ,SEOUL BBQ,1119 BREA CANYON RD,DIAMOND BAR,91789,RESTAURANT (61-150) SEATS HIGH RISK,True,Seoul BBQ
FA0289111,MYEONG GA TOFU HOUSE / MG TOFU HOUSE,MYEONG GA TOFU HOUSE / MG TOFU HOUSE,333 S ALAMEDA ST #308 -312,LOS ANGELES,90013,RESTAURANT (31-60) SEATS HIGH RISK,False,
FA0290142,SEOUL SALON,SEOUL SALON,3600 WILSHIRE BLVD STE 100B,LOS ANGELES,90010,RESTAURANT (31-60) SEATS HIGH RISK,False,Seoul Salon
FA0292130,BEUL GOPCHANG,BEUL GOPCHANG,3819 W 6TH ST,LOS ANGELES,90020,RESTAURANT (31-60) SEATS HIGH RISK,True,
FA0292689,BBQ CHICKEN LOMITA,BBQ CHICKEN LOMITA,2383 LOMITA BLVD UNIT 101,LOMITA,90717,RESTAURANT (0-30) SEATS HIGH RISK,False,
FA0294260,GOGOBOP,GOGOBOP,1059 BROXTON AVE,LOS ANGELES,90024,RESTAURANT (0-30) SEATS HIGH RISK,False,Gogobop
FA0294712,BBQ CHICKEN ALHAMBRA,BBQ CHICKEN ALHAMBRA,560 W MAIN ST STE A,ALHAMBRA,91801,RESTAURANT (31-60) SEATS HIGH RISK,False,bb.q Chicken
FA0294835,MUN KOREAN STEAKHOUSE,MUN KOREAN STEAKHOUSE,3519 6TH ST,LOS ANGELES,90020,RESTAURANT (61-150) SEATS HIGH RISK,True,
FA0294862,KOREAN KITCHEN HIBACHI BBQ,KOREAN KITCHEN HIBACHI BBQ,135 JAPANESE VILLAGE PLAZA MALL,LOS ANGELES,90012,RESTAURANT (31-60) SEATS HIGH RISK,False,Korean Kitchen Hibachi BBQ
FA0295317,KIMBAP PARADISE,KIMBAP PARADISE,1585 SEPULVEDA BLVD STE H,TORRANCE,90501,RESTAURANT (0-30) SEATS HIGH RISK,False,Kimbap Paradise
FA0295318,SEOUL ALLEY,SEOUL ALLEY,414 S MYRTLE AVE,MONROVIA,91016,RESTAURANT (61-150) SEATS HIGH RISK,False,
FA0295521,SEOUL GAMJACHON,SEOUL GAMJACHON,18891 COLIMA RD,ROWLAND HEIGHTS,91748,RESTAURANT (61-150) SEATS HIGH RISK,False,
FA0295978,BROTHERS KOREAN BBQ TWO,BROTHERS KOREAN BBQ TWO,3601 W 6TH ST,LOS ANGELES,90020,RESTAURANT (31-60) SEATS HIGH RISK,True,
FA0296917,MISO TOFU BBQ,MISO TOFU BBQ,3839 FOOTHILL BLVD,GLENDALE,91214,RESTAURANT (31-60) SEATS HIGH RISK,True,Miso Korean BBQ
FA0297144,NAMSAN,NAMSAN,3613 W 6TH ST # B,LOS ANGELES,90020,RESTAURANT (0-30) SEATS HIGH RISK,False,Namsan
FA0297255,KING CHANG,KING CHANG,3732 W 6TH ST,LOS ANGELES,90020,RESTAURANT (61-150) SEATS HIGH RISK,False,King Chang
FA0297913,HANOO KALBI,HANOO KALBI,9711 RESEDA BLVD,NORTHRIDGE,91324,RESTAURANT (61-150) SEATS HIGH RISK,True,Hanoo Kalbi
FA0299378,"GO FOODS WESTLA, INC",W L.A. BBQ CHICKEN,2131 SAWTELLE BLVD,LOS ANGELES,90036,RESTAURANT (0-30) SEATS HIGH RISK,False,
FA0300091,TOKKI,DANBI,3465 W 6TH ST STE 90,LOS ANGELES,90020,RESTAURANT (61-150) SEATS HIGH RISK,False,Danbi
FA0300110,WOOGA SULUNGTANG,WOOGA SULUNGTANG,1630 W REDONDO BEACH BLVD STE 22,GARDENA,90247,RESTAURANT (31-60) SEATS HIGH RISK,False,Wooga Sullungtang
FA0300121,BROKEN MOUTH,BROKEN MOUTH,718 S LOS ANGELES ST STE D,LOS ANGELES,90014,RESTAURANT (0-30) SEATS HIGH RISK,False,BROKEN MOUTH
FA0300475,BBQ CHICKEN GARDENA,BBQ CHICKEN GARDENA,1743 W ARTESIA BLVD,GARDENA,90638,RESTAURANT (0-30) SEATS HIGH RISK,False,bb.q Chicken
FA0300788,KIMBAP PARADISE,KIMBAP PARADISE,401 S VERMONT AVE UNIT 1-2,LOS ANGELES,90020,RESTAURANT (31-60) SEATS HIGH RISK,False,Kimbap Paradise
FA0300824,BBQ CHICKEN TEMPLE CITY,BBQ CHICKEN TEMPLE CITY,5709 ROSEMEAD BLVD,TEMPLE CITY,91780,RESTAURANT (31-60) SEATS HIGH RISK,False,bb.q Chicken
FA0301945,THIRSTY COW KOREAN BBQ,THIRSTY COW KOREAN BBQ,17500 CASTLETON RD,INDUSTRY,91748,RESTAURANT (151 + ) SEATS HIGH RISK,True,
FA0302119,HODORI KOREAN CUISINE,HODORI KOREAN CUISINE,7315 N FIGUEROA ST # 102,LOS ANGELES,90041,RESTAURANT (31-60) SEATS HIGH RISK,False,
FA0302853,HAN KOREAN BBQ,HAN KOREAN BBQ,201 E MAGNOLIA BLVD STE 281,BURBANK,91502,RESTAURANT (151 + ) SEATS HIGH RISK,True,Han Korean BBQ House
FA0303817,PELICANA ARTESIA,PELICANA ARTESIA,11710 SOUTH ST # 104,ARTESIA,90701,RESTAURANT (31-60) SEATS HIGH RISK,False,
FA0303886,BBQ CHICKEN WALNUT,BBQ CHICKEN WALNUT,505 N GRAND AVE # C,WALNUT,91789,RESTAURANT (0-30) SEATS HIGH RISK,False,
FA0303894,TENRAKU ALL YOU CAN EAT,TENRAKU ALL YOU CAN EAT,3102 E IMPERIAL HWY,LYNWOOD,90262,RESTAURANT (151 + ) SEATS HIGH RISK,True,Ten-Raku All You Can Eat
FA0305499,BBQ CHICKEN ROWLAND HEIGHTS,BBQ CHICKEN ROWLAND HEIGHTS,19735 COLIMA RD # 1,ROWLAND HEIGHTS,91748,RESTAURANT (31-60) SEATS HIGH RISK,False,
FA0305769,LEE'S TOFU HOUSE,LEE'S TOFU HOUSE,2119 S ATLANTIC BLVD,MONTEREY PARK,91754,RESTAURANT (0-30) SEATS HIGH RISK,False,
FA0305771,JINJU GALBI,JINJU GALBI,203 N WESTERN AVE,LOS ANGELES,90004,RESTAURANT (31-60) SEATS HIGH RISK,True,
FA0305807,OMMA TOFU HOUSE,OMMA TOFU HOUSE,1220 S GOLDEN WEST AVE # F,ARCADIA,91007,RESTAURANT (0-30) SEATS HIGH RISK,False,
FA0307247,BONCHON,BONCHON,17901 PIONEER BLVD UNIT F,ARTESIA,90701,RESTAURANT (31-60) SEATS HIGH RISK,False,
FA0307928,JEONJU HYUNDAIOK,JEONJU HYUNDAIOK,201 N WESTERN AVE,LOS ANGELES,90004,RESTAURANT (31-60) SEATS HIGH RISK,False,Jeonju Hyundaiok
FA0308017,BBQ CHICKEN HACIENDA HEIGHTS,BBQ CHICKEN HACIENDA HEIGHTS,17110 COLIMA RD STE C,HACIENDA HEIGHTS,91745,RESTAURANT (0-30) SEATS HIGH RISK,False,
FA0308047,CORNER GRILLE KOREAN FUSION,CORNER GRILLE KOREAN FUSION,21853 VENTURA BLVD,WOODLAND HILLS,91364,RESTAURANT (31-60) SEATS HIGH RISK,False,Corner Grille Korean Fusion
FA0308206,MYUNG GA HAEJANGGUK,MYUNG GA HAEJANGGUK,1425 W ARTESIA BLVD 4 & 5,GARDENA,90248,RESTAURANT (61-150) SEATS HIGH RISK,False,Myung Ga
FA0308323,SHILLA RESTAURANT,SHILLA RESTAURANT,16944 S WESTERN AVE,GARDENA,90247,RESTAURANT (61-150) SEATS HIGH RISK,False,Shilla
FA0308427,K FOOD EXPRESS,K FOOD EXPRESS,13349 ARTESIA BLVD,CERRITOS,90703,RESTAURANT (31-60) SEATS HIGH RISK,False,K Food Express
FA0308758,BBQ CHICKEN ARCADIA,BBQ CHICKEN ARCADIA,1101 W HUNTINGTON DR # K-107,ARCADIA,91007,RESTAURANT (0-30) SEATS HIGH RISK,False,bb.q Chicken
FA0308775,KBOP KOREAN KITCHEN,KBOP KOREAN KITCHEN,446 W HUNTINGTON DR,MONROVIA,91016,RESTAURANT (31-60) SEATS HIGH RISK,False,
FA0310605,YOUNG DONG TOFU,YOUNG DONG TOFU,2839 S DIAMOND BAR BLVD STE A,DIAMOND BAR,91765,RESTAURANT (61-150) SEATS HIGH RISK,False,
FA0311256,3355,3355,1955 TORRANCE BLVD,TORRANCE,90501,RESTAURANT (31-60) SEATS HIGH RISK,False,3355 Asian Grill
FA0311325,JEUN TONG TOFU HOUSE,JEUN TONG TOFU HOUSE,2560 E AMAR RD #B1,WEST COVINA,91792,RESTAURANT (31-60) SEATS HIGH RISK,False,
FA0311887,BAEKJEONG,BAEKJEONG,3465 W 6TH ST STE 20,LOS ANGELES,90020,RESTAURANT (61-150) SEATS HIGH RISK,True,
FA0311888,ROAD TO SEOUL BBQ VERMONT,ROAD TO SEOUL BBQ VERMONT,703 S VERMONT AVE #E,LOS ANGELES,90005,RESTAURANT (61-150) SEATS HIGH RISK,True,
FA0312251,BBQ CHICKEN,BBQ CHICKEN,23121 LYONS AVE,SANTA CLARITA,91321,RESTAURANT (0-30) SEATS HIGH RISK,False,
FA0312273,JAWS TOPOKKI,JAWS TOPOKKI,3807 W 6TH ST,LOS ANGELES,90020,RESTAURANT (31-60) SEATS HIGH RISK,False,Jaws Topokki
FA0312288,BBQ CHICKEN TORRANCE,BBQ CHICKEN TORRANCE (H-MART FOOD COURT),4340 PACIFIC COAST HWY,TORRANCE,90505,RESTAURANT (0-30) SEATS HIGH RISK,False,
FA0312315,BBQ CHICKEN,BBQ CHICKEN,3205 E CARSON ST,LAKEWOOD,90712,RESTAURANT (0-30) SEATS HIGH RISK,False,
FA0312328,VONS CHICKEN TORRANCE,VONS CHICKEN TORRANCE,24631 CRENSHAW BLVD #F,TORRANCE,90505,RESTAURANT (0-30) SEATS HIGH RISK,False,Vons Chicken
FA0312528,JUN WON DAK,JUN WON DAK,4254 1/2 W 3RD ST,LOS ANGELES,90020,RESTAURANT (0-30) SEATS HIGH RISK,False,Jun Won Dak
FA0312602,BBQ CHICKEN,BBQ CHICKEN,2222 FOOTHILL BLVD D,LA CANADA FLINTRIDGE,91011,RESTAURANT (0-30) SEATS MODERATE RISK,False,
FA0315169,PELICANA CHICKEN LA CORP,PELICANA CHICKEN LA CORP,621 WESTERN AVE 117,LOS ANGELES,90005,RESTAURANT (0-30) SEATS HIGH RISK,False,
FA0316583,JINSOL GUKBAP,JINSOL GUKBAP,4031 W 3RD ST,LOS ANGELES,90020,RESTAURANT (31-60) SEATS HIGH RISK,False,
FA0317526,GANGNAM POCHA,GANGNAM POCHA,528 S WESTERN AVE,LOS ANGELES,90020,RESTAURANT (61-150) SEATS HIGH RISK,False,
FA0317527,BBQ+RICE,BBQ+RICE,5706 SANTA MONICA BLVD,LOS ANGELES,90038,RESTAURANT (0-30) SEATS HIGH RISK,False,BBQ+RICE Korean Rice Bowl
FA0318157,MGD KOREAN BBQ,MGD KOREAN BBQ,9350 CORBIN AVE,NORTHRIDGE,91324,RESTAURANT (61-150) SEATS HIGH RISK,True,
FA0319077,SEOULMATES,SEOULMATES,8320 W 3RD ST,LOS ANGELES,90048,RESTAURANT (0-30) SEATS HIGH RISK,False,
FA0319124,GANGNAM STATION,GANGNAM STATION,3785 WILSHIRE BLVD,LOS ANGELES,90010,RESTAURANT (31-60) SEATS HIGH RISK,False,
FA0319225,ANJU HOUSE,ANJU HOUSE,234 S OXFORD AVE,LOS ANGELES,90004,RESTAURANT (61-150) SEATS HIGH RISK,False,Anju House
FA0319325,GEN KOREAN BBQ HOUSE,GEN KOREAN BBQ HOUSE,19100 GRIDLEY RD,CERRITOS,90703,RESTAURANT (151 + ) SEATS HIGH RISK,True,
FA0319507,RED HOUSE KBBQ,RED HOUSE KBBQ,15925 PIONEER BLVD,NORWALK,90650,RESTAURANT (61-150) SEATS HIGH RISK,True,
FA0319766,ABC TOFU HOUSE,ABC TOFU HOUSE,18044 SATICOY ST,RESEDA,91335,RESTAURANT (61-150) SEATS HIGH RISK,False,
FA0319786,BBQ CHICKEN BURBANK,BBQ CHICKEN BURBANK,124 N SAN FERNANDO BLVD,BURBANK,91502,RESTAURANT (0-30) SEATS HIGH RISK,False,
FA0320416,CHUNGDAM 828,CHUNGDAM 828,3474 W 8TH ST,LOS ANGELES,90005,RESTAURANT (0-30) SEATS HIGH RISK,False,
FA0321544,SEOUL SOUL,SEOUL SOUL,1040 S WESTERN AVE,LOS ANGELES,90006,RESTAURANT (61-150) SEATS HIGH RISK,False,
FA0322530,WUSO KOREAN BBQ,WUSO KOREAN BBQ,23410 LYONS AVE,SANTA CLARITA,91321,RESTAURANT (61-150) SEATS HIGH RISK,True,
FA0323168,ROAD TO SEOUL,ROAD TO SEOUL,1 W MAIN ST,ALHAMBRA,91801,RESTAURANT (151 + ) SEATS HIGH RISK,True,Road to Seoul BBQ
FA0324310,ONG GA NAE KOREAN BBQ,ONG GA NAE KOREAN BBQ,19745 COLIMA RD 4,ROWLAND HEIGHTS,91748,RESTAURANT (61-150) SEATS HIGH RISK,True,
FA0324389,BBQ CHICKEN TARZANA,BBQ CHICKEN TARZANA,5577 RESEDA BLVD,TARZANA,91356,RESTAURANT (0-30) SEATS HIGH RISK,False,
FA0325297,BBQ CHICKEN,BBQ CHICKEN,6118 W SUNSET BLVD,LOS ANGELES,90028,RESTAURANT (31-60) SEATS HIGH RISK,False,
FA0325569,LUV DDUK,LUV DDUK,12243 ARTESIA BLVD,CERRITOS,90703,RESTAURANT (61-150) SEATS HIGH RISK,False,Luv DDuk
FA0325573,BAK KUNG,BAK KUNG,3700 W OLYMPIC BLVD,LOS ANGELES,90019,RESTAURANT (61-150) SEATS HIGH RISK,True,Bak Kung Korean B.B.Q
FA0325854,HODORI LA,HODORI LA,1001 S VERMONT AVE STE 101,LOS ANGELES,90006,RESTAURANT (61-150) SEATS HIGH RISK,False,
FA0326297,BROTHER KOREAN BBQ,BROTHER KOREAN BBQ,12218 CENTRALIA ST,LAKEWOOD,90715,RESTAURANT (61-150) SEATS HIGH RISK,True,
FA0326424,BBQ CHICKEN,BBQ CHICKEN,107 E BROADWAY,GLENDALE,91205,RESTAURANT (0-30) SEATS HIGH RISK,False,
FA0326492,DTLA KOREAN BBQ,DTLA KOREAN BBQ,686 N SPRING ST UNIT 103,LOS ANGELES,90012,RESTAURANT (0-30) SEATS HIGH RISK,True,
FA0327022,TOWN HOF & THANKS CHICKEN LA,TOWN HOF & THANKS CHICKEN LA,1144 S WESTERN AVE,LOS ANGELES,90006,RESTAURANT (61-150) SEATS HIGH RISK,False,Town Hof and Thanks Chicken
FA0327146,SEOULTIME 2023,SEOULTIME 2023,16156 SAN FERNANDO MISSION BLVD,GRANADA HILLS,91344,RESTAURANT (0-30) SEATS HIGH RISK,False,
FA0327509,SEOUL BAP,SEOUL BAP,20220 AVALON BLVD B,CARSON,90746,RESTAURANT (0-30) SEATS HIGH RISK,False,
FA0328405,BUTNAL,BUTNAL,954 NORTON AVE,LOS ANGELES,90019,RESTAURANT (0-30) SEATS HIGH RISK,False,Butnal
FA0329037,HANMI KOREAN RESTAURANT,HANMI KOREAN RESTAURANT,18009 NORWALK BLVD #B,ARTESIA,90701,RESTAURANT (31-60) SEATS HIGH RISK,False,
FA0329226,JEO JAC KEO RI KOREAN BBQ,JEO JAC KEO RI KOREAN BBQ,12201 CARSON ST,HAWAIIAN GARDENS,90716,RESTAURANT (61-150) SEATS HIGH RISK,True,
FA0329271,88Q KOREAN BBQ,88Q KOREAN BBQ,1725 NOGALES ST UNIT 112,ROWLAND HEIGHTS,91748,RESTAURANT (151 + ) SEATS HIGH RISK,True,
FA0329276,THANKS CHICKEN LOMITA,THANKS CHICKEN LOMITA,1933 PACIFIC COAST HWY,LOMITA,90717,RESTAURANT (0-30) SEATS HIGH RISK,False,Thanks Chicken
FA0329281,LET'S GOGI,LET'S GOGI,18751 COLIMA RD,ROWLAND HEIGHTS,91748,RESTAURANT (61-150) SEATS HIGH RISK,True,
FA0329652,WOW COW KOREAN BARBECUE,WOW COW KOREAN BARBECUE,10632 LOWER AZUSA RD,EL MONTE,91731,RESTAURANT (61-150) SEATS HIGH RISK,True,
FA0329902,YEOGIYO,YEOGIYO,3450 W 6TH ST STE 105,LOS ANGELES,90020,RESTAURANT (0-30) SEATS HIGH RISK,False,Yeogiyo
FA0329924,BBQ+RICE,BBQ+RICE,3827 W SUNSET BLVD C,LOS ANGELES,90026,RESTAURANT (0-30) SEATS HIGH RISK,False,BBQ+Rice
FA0330207,BBQ CHICKEN WESTERN,BBQ CHICKEN WESTERN,125 N WESTERN AVE 105,LOS ANGELES,90004,RESTAURANT (0-30) SEATS HIGH RISK,False,
FA0330336,BBQ CHICKEN WESTERN,BBQ CHICKEN WESTERN,1552 N CAHUENGA BLVD,LOS ANGELES,90028,RESTAURANT (0-30) SEATS HIGH RISK,False,
FA0330661,NAMOO K BBQ,NAMOO K BBQ,13455 MAXELLA AVE 270,MARINA DEL REY,90292,RESTAURANT (31-60) SEATS HIGH RISK,True,
FA0330698,HODORI BBQ & KOREAN CUISINE,HODORI BBQ & KOREAN CUISINE,400 S BALDWIN AVE STE 2315,ARCADIA,91007,RESTAURANT (61-150) SEATS HIGH RISK,True,
FA0330828,JJAMPPONG ZIZON,JJAMPPONG ZIZON,3446 WILSHIRE BLVD,LOS ANGELES,90010,RESTAURANT (31-60) SEATS HIGH RISK,False,Jjamppong Zizon
FA0331588,POCHA EATS,POCHA EATS,13337 ARTESIA BLVD,CERRITOS,90703,RESTAURANT (31-60) SEATS HIGH RISK,False,Pocha Eats
FA0331679,BONCHON KOREAN FRIED CHICKEN,BONCHON KOREAN FRIED CHICKEN,24919 PICO CANYON RD UNIT B,STEVENSON RANCH,91381,RESTAURANT (0-30) SEATS HIGH RISK,False,
FA0332549,MOOHAN KOREAN BBQ,MOOHAN KOREAN BBQ,3435 WILSHIRE BLVD 123,LOS ANGELES,90010,RESTAURANT (61-150) SEATS HIGH RISK,True,Moohan KBBQ
FA0332555,HANOO KOREAN BBQ,HANOO KOREAN BBQ,17623 SHERMAN WAY,VAN NUYS,91406,RESTAURANT (151 + ) SEATS HIGH RISK,True,Hanoo Kalbi
FA0332749,KOPO KRUNCH- KIOSK,KOPO KRUNCH- KIOSK,9301 TAMPA AVE 6511,NORTHRIDGE,91324,RESTAURANT (0-30) SEATS MODERATE RISK,False,Kopo Krunch
FA0332811,CHUNG CHUN JOKBAL,CHUNG CHUN JOKBAL,3074 W 8TH ST #7,LOS ANGELES,90005,RESTAURANT (0-30) SEATS HIGH RISK,False,
FA0333295,SORIMMARA,SORIMMARA,3470 W 6TH ST #3,LOS ANGELES,90020,RESTAURANT (0-30) SEATS HIGH RISK,False,Sorimmara
FA0333299,MY DONKATSU,MY DONKATSU,3003 W OLYMPIC BLVD STE 103,LOS ANGELES,90006,RESTAURANT (0-30) SEATS HIGH RISK,False,My Donkatsu
FA0352123,SEOUL MARKET EATERY,SEOUL MARKET EATERY,3110 W OLYMPIC BLVD,LOS ANGELES,90006,RESTAURANT (0-30) SEATS HIGH RISK,False,
FA0352249,BBQ CHUNGDAM,BBQ CHUNGDAM,100 S WESTERN AVE,LOS ANGELES,90004,RESTAURANT (151 + ) SEATS HIGH RISK,True,
FA0352644,BULGOGI TOWN,BULGOGI TOWN,790 E ALSOTA AVE,AZUSA,91702,RESTAURANT (0-30) SEATS HIGH RISK,True,
FA0352969,TK92 BBQ,TK92 KOREAN BBQ,250 W VALLEY BLVD STE P,SAN GABRIEL,91776,RESTAURANT (61-150) SEATS HIGH RISK,True,
FA0353164,BBQ CHICKEN CERRITOS,BBQ CHICKEN CERRITOS,11322 S SOUTH ST,CERRITOS,90703,RESTAURANT (0-30) SEATS HIGH RISK,False,bb.q Chicken
FA0353504,SEOUL STREET FOOD,SEOUL STREET FOOD,621 S WESTERN AVE 302,LOS ANGELES,90005,RESTAURANT (0-30) SEATS HIGH RISK,False,
FA0353514,JINSOL GUKBAP,JINSOL GUKBAP,1015 NOGALES ST 131,ROWLAND HEIGHTS,91748,RESTAURANT (61-150) SEATS HIGH RISK,False,
FA0353521,DUMPLING HOUSE,DUMPLING HOUSE,3525 W 3RD ST #6,LOS ANGELES,90020,RESTAURANT (0-30) SEATS HIGH RISK,False,천하만두 Dumpling House
FA0353992,KD K-BBQ,KD K-BBQ,2561 W OLYMPIC BLVD,LOS ANGELES,90006,RESTAURANT (61-150) SEATS HIGH RISK,True,
FA0354051,ATOYUBU,ATOYUBU,20627 GOLDEN SPRINGS DR 2A,DIAMOND BAR,91789,RESTAURANT (0-30) SEATS HIGH RISK,False,Atoyubu
FA0354290,LA TOFU HOUSE VERMONT INC,LA TOFU HOUSE VERMONT INC,401 S VERMONT AVE STE 3,LOS ANGELES,90020,RESTAURANT (31-60) SEATS HIGH RISK,False,
FA0354292,BB.Q CHICKEN CANYON COUNTRY,BB.Q CHICKEN CANYON COUNTRY,27586 SIERRA HIGHWAY DR,CANYON COUNTRY,91351,RESTAURANT (0-30) SEATS MODERATE RISK,False,
FA0354404,HANSIK DTLT INC,JIN COOK,337 1ST ST,LOS ANGELES,90012,RESTAURANT (61-150) SEATS HIGH RISK,False,
FA0354462,"BB.Q CHICKEN NORTH RIDGEBBQCN, INC","BB.Q CHICKEN NORTH RIDGEBBQCN, INC",18431 NORDHOFF ST # 2,NORTHRIDGE,91325,RESTAURANT (31-60) SEATS HIGH RISK,False,bb.q Chicken
FA0354474,"DAMSOT LA, LLC",DAMSOT LA,3377 WILSHIRE BLVD STE 112,LOS ANGELES,90010,RESTAURANT (31-60) SEATS HIGH RISK,False,Damsot
FA0354516,KOREAN TOP FOODS INC-YELLOW HOUSE,KOREAN TOP FOODS INC,8926 RESEDA BLVD,NORTHRIDGE,91324,RESTAURANT (31-60) SEATS HIGH RISK,False,
FA0354566,SUN HA JANG LA,SUN HA JANG LA,4032 W OLYMPIC BLVD,LOS ANGELES,90019,RESTAURANT (31-60) SEATS HIGH RISK,True,
FA0354590,HANU KOREAN BBQ,HANU KOREAN BBQ,2999 W LOS ANGELES ST # 105,LOS ANGELES,90020,RESTAURANT (61-150) SEATS HIGH RISK,True,
FA0354710,BBQ+ RICE WEST LA,BBQ + RICE,11086 SANTA MONICA BLVD,LOS ANGELES,90025,RESTAURANT (0-30) SEATS HIGH RISK,False,BBQ+Rice
FA0354843,GABIN KOREAN GRILL,GABIN KOREAN GRILL,400 S WESTERN AVE,LOS ANGELES,9002-,RESTAURANT (61-150) SEATS HIGH RISK,True,
FA0355044,ATTO,ATTO,17905 S WESTERN AVE,TORRANCE,90248,RESTAURANT (31-60) SEATS HIGH RISK,False,Atto 아토
FA0355167,GOGI,GOGI,11746 SOUTH ST,ARTESIA,90701,RESTAURANT (151 + ) SEATS HIGH RISK,True,
FA0356008,SOONDOL TOFU HOUSE,SOONDOL TOFU HOUSE,3300 W 6TH ST STE 1,LOS ANGELES,90020,RESTAURANT (61-150) SEATS HIGH RISK,False,
FA0356026,M SPOON,M SPOON,2789 W OLYMPIC BLVD 104,LOS ANGELES,90006,RESTAURANT (0-30) SEATS MODERATE RISK,False,M Spoon
FA0356404,BAEKJEONG LOS ANGELES,BAEKJEONG,3429 W 8TH ST,LOS ANGELES,90005,RESTAURANT (31-60) SEATS HIGH RISK,True,
FA0356519,BUNSIK 88,BUNSIK 88,18327 COLIMA RD,ROWLAND HEIGHTS,91748,RESTAURANT (0-30) SEATS MODERATE RISK,False,BUNSIK 88 - Korean Street
FA0356718,YOUNGDONG NOODLE,YOUNGDONG NOODLE,928 S WESTERN AVE # 131,LOS ANGELES,90006,RESTAURANT (0-30) SEATS HIGH RISK,False,
FA0356982,OLLE KOREAN CUISINE,OLLE KOREAN CUISINE,745 S OXFORD BCH F-1,LOS ANGELES,90005,RESTAURANT (31-60) SEATS HIGH RISK,False,
FA0357117,POTATO POWDER LOVE NOODLE LA,POTATO POWDER LOVE NOODLE LA,3450 W 6TH ST 108,LOS ANGELES,90020,RESTAURANT (0-30) SEATS HIGH RISK,False,Paik's Noodle
FA0357943,SEOUL BELLY,SEOUL BELLY,11636 ARTESIA BLVD,ARTESIA,90701,RESTAURANT (31-60) SEATS HIGH RISK,False,
FA0358109,THE ONE JOKBAL INC,THE ONE JOKBAL,338 S WESTERN AVE A-B,LOS ANGELES,90020,RESTAURANT (61-150) SEATS HIGH RISK,False,
FA0358388,SAMGYEOPJIB,SAMGYEOPJIB,16430 NORWALK BLVD,CERRITOS,90703,RESTAURANT (61-150) SEATS HIGH RISK,True,
FA0358454,88 HOT DOG POCHA,88 POCHA KOREAN CUISINE,1610 W REDONDO BEACH BLVD STE 3,GARDENA,90247,RESTAURANT (0-30) SEATS HIGH RISK,False,
FA0358491,WI KOREAN BBQ,KOREAN BBQ,4333 E FLORENCE AVE,BELL,90201,RESTAURANT (151 + ) SEATS HIGH RISK,True,
FA0361764,LET'S GOGI,LET'S GOGI,8248 FIRESTONE BLVD,DOWNEY,90241,RESTAURANT (61-150) SEATS HIGH RISK,True,
FA0363566,BHC TOFU HOUSE,BHC TOFU HOUSE,371 S DOHENY DR,BEVERLY HILLS,90211,RESTAURANT (31-60) SEATS HIGH RISK,False,
FA0364127,SEOGWAN MYEONOK BY YELLOW COW KBBQ,SEOGWAN MYEONOK BY YELLOW COW KBBQ,3460 W 8TH ST,LOS ANGELES,90005,RESTAURANT (61-150) SEATS HIGH RISK,True,
FA0364139,ZIGGLE KOREAN BBQ,ZIGGLE KOREAN BBQ,12300 SOUTH ST,ARTESIA,90701,RESTAURANT (61-150) SEATS HIGH RISK,True,Ziggle BBQ
FA0364215,HANGANG KOREAN RESTAURANT,HANGANG KOREAN RESTAURANT,5612 ROSEMEAD BLVD,TEMPLE CITY,91780,RESTAURANT (31-60) SEATS HIGH RISK,False,
FA0364306,KBOP KOREAN KITCHEN,KBOP KOREAN KITCHEN,1375 N GRAND AVE,WALNUT,91789,RESTAURANT (0-30) SEATS HIGH RISK,False,
FA0364561,A RI RANG TOFU HOUSE,A RI RANG TOFU HOUSE,529 E VALLEY BLVD 128,SAN GABRIEL,91776,RESTAURANT (61-150) SEATS HIGH RISK,False,A Ri Rang Tofu House
FA0364790,BBQ CHICKEN,BBQ CHICKEN,5891 KANAN RD,AGOURA HILLS,91301,RESTAURANT (0-30) SEATS MODERATE RISK,False,
FA0365073,HODORI365 & BOBAGO365,HODORI365 & BOBAGO365,8742 CORBIN AVE,NORTHRIDGE,91324,RESTAURANT (61-150) SEATS HIGH RISK,False,
FA0365255,350 DEGREE K-BBQ & BAR,350 DEGREE K-BBQ & BAR,11050 MAGNOLIA BLVD,NORTH HOLLYWOOD,91601,RESTAURANT (61-150) SEATS HIGH RISK,True,
FA0365573,SUN NONG DAN  WEST,SUN NONG DAN WEST,11300 NEBRASKA AVE,LOS ANGELES,90025,RESTAURANT (0-30) SEATS HIGH RISK,False,Sun Nong Dan
FA0366115,THE DAE-MUN,THE DAE-MUN,410 W MAIN ST 110,ALHAMBRA,91801,RESTAURANT (61-150) SEATS HIGH RISK,False,The Dae-Mun
FA0398444,GANGNAM KIMBOB,GANGNAM KIMBOB,12244 SOUTH ST,ARTESIA,90701,RESTAURANT (0-30) SEATS HIGH RISK,False,
FA0398748,BBQ CHICKEN LANCASTER,BBQ CHICKEN LANCASTER,1731 E AVENUE J,LANCASTER,93535,RESTAURANT (31-60) SEATS MODERATE RISK,False,
FA0398789,YOUNG DONG TOFU HOUSE,YOUNG DONG TOFU HOUSE,"927 E LAS TUNAS DR UNIT E, F",SAN GABRIEL,91776,RESTAURANT (31-60) SEATS HIGH RISK,False,Young Dong Tofu House
FA0399085,SEOUL SALON,SEOUL SALON,3600 WILSHIRE BLVD STE 100 B,LOS ANGELES,90010,RESTAURANT (31-60) SEATS HIGH RISK,False,Seoul Salon
FA0399088,TOFU CHON LA,TOFU CHON LA,3526 W 8TH ST,LOS ANGELES,90005,RESTAURANT (61-150) SEATS HIGH RISK,False,Tofu Chon
FA0400096,THE MOO KOREAN BBQ,THE MOO KOREAN BBQ,231 ARIZONA AVE,SANTA MONICA,90401,RESTAURANT (61-150) SEATS HIGH RISK,True,
FA0400912,BULGOGI,RESTAURANT,3500 W 6TH ST 228,LOS ANGELES,90020,RESTAURANT (0-30) SEATS HIGH RISK,True,
FA0400996,BBQ CHICKEN,BBQ CHICKEN,1252 BERYL ST,REDONDO BEACH,90277,RESTAURANT (0-30) SEATS HIGH RISK,False,
FA0402125,BBQ CHICKEN WALNUT,BBQ CHICKEN WALNUT,505 N GRAND AVE,WALNUT,91789,RESTAURANT (0-30) SEATS HIGH RISK,False,
FA0402158,READY SET GOGI,READY SET GOGI,20056 E ARROW HWY STE B,COVINA,91724,RESTAURANT (0-30) SEATS HIGH RISK,True,
